{"global_step":2,"_step":2,"_wandb":{"runtime":13},"train_loss":0.0032442514784634113,"epoch":0,"bc_loss":0.0032442514784634113,"lr":6.000000000000001e-07,"_runtime":13.896547293,"_timestamp":1.7753562317120297e+09}