{"bc_loss":0.00011334403097862378,"epoch":0,"global_step":30,"lr":6.2e-06,"_wandb":{"runtime":76},"_runtime":76,"train_loss":0.00011334403097862378,"_timestamp":1.7753576964371147e+09,"_step":30}