{"bc_loss":0.00011334403097862378,"_runtime":56.294430058,"epoch":0,"train_loss":0.00011334403097862378,"global_step":30,"_timestamp":1.7753576964371147e+09,"lr":6.2e-06,"_step":30,"_wandb":{"runtime":56}}