{"bc_loss":0.00011334403097862378,"_runtime":62,"lr":6.2e-06,"_timestamp":1.7753576964371147e+09,"train_loss":0.00011334403097862378,"_wandb":{"runtime":62},"epoch":0,"_step":30,"global_step":30}