{"_timestamp":1.7753758225884924e+09,"global_step":5352,"epoch":0,"train_loss":2.4266841137432493e-05,"bc_loss":2.4266841137432493e-05,"_wandb":{"runtime":12529},"_runtime":12529.848928501,"_step":5352,"lr":6.7e-05}