{"train_loss":0.0032767774537205696,"bc_loss":0.0032767774537205696,"_step":1,"global_step":1,"lr":4.0000000000000003e-07,"_timestamp":1.775218235215515e+09,"_wandb":{"runtime":7},"_runtime":7.085790892,"epoch":0}